student_id,degree,degree_centrality,weighted_strength,betweenness_centrality,closeness_centrality,eigenvector_centrality,clustering_coefficient,community
11,28,0.3256,11.7691,0.0034,0.5666,0.0923,0.7169,1
12,25,0.2907,10.7707,0.0232,0.5585,0.0813,0.73,1
13,38,0.4419,18.1894,0.0081,0.6108,0.1226,0.6757,1
14,26,0.3023,11.1845,0.003,0.5468,0.0861,0.7292,3
16,41,0.4767,18.0638,0.007,0.6205,0.1364,0.7134,2
17,16,0.186,6.3088,0.0022,0.5012,0.0446,0.6083,3
18,38,0.4419,16.6809,0.008,0.6061,0.1212,0.6515,4
19,41,0.4767,18.2604,0.0307,0.6305,0.117,0.539,1
20,25,0.2907,10.5722,0.0011,0.5506,0.0884,0.8167,2
21,40,0.4651,19.0386,0.0085,0.6156,0.131,0.6859,2
22,6,0.0698,2.4516,0.0,0.4519,0.0202,0.9333,2
24,29,0.3372,13.37,0.002,0.5666,0.0981,0.7759,1
26,15,0.1744,6.0099,0.0026,0.498,0.0444,0.581,4
29,24,0.2791,10.3411,0.0031,0.543,0.0722,0.6196,4
31,4,0.0465,1.6323,0.0,0.4368,0.0148,1.0,2
32,42,0.4884,19.5734,0.0069,0.6305,0.1382,0.6911,3
35,52,0.6047,24.4431,0.0143,0.6919,0.1614,0.6048,3
36,5,0.0581,1.9578,0.0001,0.4493,0.0146,0.6,3
37,44,0.5116,20.3895,0.0105,0.6409,0.1425,0.6681,3
38,46,0.5349,22.9136,0.0124,0.657,0.1481,0.6599,1
40,0,0.0,0.0,0.0,0.0,0.0,0.0,5
41,35,0.407,16.1484,0.0264,0.5923,0.1133,0.6773,2
42,2,0.0233,0.817,0.0,0.3949,0.0048,1.0,1
43,42,0.4884,18.0091,0.0139,0.6357,0.131,0.6109,3
45,36,0.4186,16.1974,0.013,0.6061,0.1176,0.6794,2
46,37,0.4302,16.5313,0.0021,0.6014,0.1295,0.7823,2
48,10,0.1163,4.1006,0.0003,0.4826,0.0331,0.7111,4
49,55,0.6395,28.448,0.0166,0.7173,0.1713,0.6088,4
50,45,0.5233,22.9438,0.013,0.6462,0.1466,0.6747,2
52,31,0.3605,13.8783,0.0052,0.5749,0.1031,0.7161,2
53,48,0.5581,22.8407,0.029,0.6626,0.1458,0.5966,2
54,42,0.4884,19.2989,0.0097,0.6305,0.1362,0.6632,3
55,58,0.6744,28.1246,0.0192,0.7376,0.1762,0.5765,1
56,20,0.2326,8.2473,0.0054,0.5144,0.0534,0.5263,1
57,46,0.5349,22.0946,0.0149,0.6462,0.1436,0.63,4
58,7,0.0814,2.6857,0.0002,0.4626,0.0211,0.6667,3
59,21,0.2442,8.6142,0.0017,0.5283,0.069,0.7524,1
61,56,0.6512,28.8312,0.0164,0.7173,0.1735,0.6026,4
62,20,0.2326,8.5018,0.0035,0.5247,0.0552,0.6053,4
63,5,0.0581,2.1079,0.0,0.4392,0.0157,0.7,2
64,36,0.4186,15.8921,0.0041,0.6014,0.1226,0.746,3
65,6,0.0698,2.3558,0.0,0.4572,0.0202,0.9333,2
66,44,0.5116,21.2151,0.0047,0.6409,0.1498,0.7315,4
67,51,0.593,25.4737,0.0149,0.6858,0.1623,0.6431,1
69,10,0.1163,3.8628,0.0002,0.4826,0.033,0.7333,1
70,55,0.6395,26.5643,0.0255,0.7108,0.1684,0.5899,1
72,22,0.2558,9.6193,0.0078,0.5392,0.0724,0.71,1
74,44,0.5116,19.8356,0.0079,0.6357,0.1427,0.6649,4
79,12,0.1395,5.113,0.001,0.4797,0.0278,0.5909,4
80,35,0.407,15.5307,0.0084,0.5968,0.113,0.6605,2
81,49,0.5698,25.1354,0.0097,0.674,0.1601,0.6718,2
82,20,0.2326,8.5964,0.0024,0.5212,0.065,0.7158,3
83,51,0.593,25.0533,0.0144,0.6799,0.1593,0.6133,3
84,23,0.2674,9.3983,0.0037,0.543,0.0765,0.7273,2
85,25,0.2907,10.9423,0.0021,0.5468,0.0831,0.7267,1
86,46,0.5349,22.0628,0.0095,0.6516,0.1506,0.6792,2
89,5,0.0581,1.9161,0.0,0.4468,0.0147,0.8,1
90,52,0.6047,26.4662,0.0346,0.6919,0.16,0.5965,2
91,29,0.3372,12.701,0.0016,0.5666,0.1018,0.7833,3
92,34,0.3953,14.9074,0.0262,0.5923,0.1056,0.6381,1
93,33,0.3837,14.8207,0.0044,0.5792,0.1072,0.7292,4
94,36,0.4186,17.4722,0.0065,0.6014,0.1197,0.7206,1
95,46,0.5349,22.7984,0.0164,0.6462,0.1454,0.6386,2
97,55,0.6395,25.6944,0.0197,0.7108,0.1695,0.5946,4
99,43,0.5,20.1905,0.0071,0.6305,0.1422,0.7032,3
101,2,0.0233,0.7906,0.0,0.4272,0.0077,1.0,2
102,16,0.186,6.7828,0.001,0.5012,0.0446,0.6917,4
103,25,0.2907,10.7111,0.0035,0.5545,0.0809,0.6833,3
104,55,0.6395,27.9717,0.0192,0.7173,0.1678,0.5865,1
105,47,0.5465,22.6074,0.0088,0.6683,0.151,0.6596,1
106,30,0.3488,12.6451,0.0038,0.5749,0.0991,0.6989,1
108,1,0.0116,0.4616,0.0,0.3671,0.0027,0.0,1
109,8,0.093,3.0083,0.0,0.4682,0.0302,0.9643,3
110,46,0.5349,23.2374,0.0058,0.6626,0.1549,0.7159,2
111,1,0.0116,0.4036,0.0,0.3671,0.0029,0.0,2
113,30,0.3488,12.9783,0.0084,0.5749,0.0902,0.6345,1
114,59,0.686,30.3272,0.0288,0.7446,0.1783,0.5698,3
115,9,0.1047,3.54,0.0004,0.4856,0.0242,0.5556,1
116,5,0.0581,2.0087,0.0001,0.4417,0.0127,0.8,1
117,20,0.2326,7.8803,0.0022,0.5178,0.059,0.6526,4
118,21,0.2442,8.465,0.0051,0.5319,0.0581,0.5238,4
119,0,0.0,0.0,0.0,0.0,0.0,0.0,6
120,0,0.0,0.0,0.0,0.0,0.0,0.0,7
121,42,0.4884,19.2294,0.009,0.6409,0.1311,0.6388,1
123,1,0.0116,0.3514,0.0,0.3538,0.0021,0.0,1
125,0,0.0,0.0,0.0,0.0,0.0,0.0,8
126,13,0.1512,5.574,0.0005,0.4887,0.0393,0.7436,1
